episode,epsilon,score,average_score,total_reward,average_reward
0,1.0,-0.4058969361683183,-0.4058969361683183,-209.0,-209.0
1,0.995,-0.4248670823424629,-0.4153820092553906,-209.0,-209.0
2,0.990025,-0.23080219728934925,-0.35385540526671017,-209.0,-209.0
3,0.985074875,-0.3988065473288376,-0.365093190782242,-209.0,-209.0
4,0.9801495006250001,-0.2773342856214888,-0.3475414097500914,-209.0,-209.0
5,0.9752487531218751,-0.42516043918175433,-0.36047791465536855,-209.0,-209.0
6,0.9703725093562657,-0.31299604819269233,-0.3536947908749863,-209.0,-209.0
7,0.9655206468094844,-0.42381618637832646,-0.3624599653129038,-209.0,-209.0
8,0.960693043575437,-0.29715049089874523,-0.35520335704466394,-209.0,-209.0
9,0.9558895783575597,-0.45686711538705005,-0.36536973287890256,-209.0,-209.0
10,0.9511101304657719,-0.4504265260619911,-0.37310216862281964,-209.0,-209.0
11,0.946354579813443,-0.34845548105501883,-0.37104827799216955,-209.0,-209.0
12,0.9416228069143757,-0.43715059174341586,-0.37613307135765006,-209.0,-209.0
13,0.9369146928798039,-0.38181426670927454,-0.3765388710256232,-209.0,-209.0
14,0.9322301194154049,-0.3907755043010631,-0.3774879799106525,-209.0,-209.0
15,0.9275689688183278,-0.39140971775683253,-0.3783580885260388,-209.0,-209.0
16,0.9229311239742362,-0.35731981648103783,-0.37712054311162696,-209.0,-209.0
17,0.918316468354365,-0.4553941481458487,-0.3814690767246393,-209.0,-209.0
18,0.9137248860125932,-0.24674321520913303,-0.3743782419080337,-209.0,-209.0
19,0.9091562615825302,-0.3507582247246084,-0.3731972410488624,-209.0,-209.0
20,0.9046104802746175,-0.3429822275622419,-0.3717584308828329,-209.0,-209.0
21,0.9000874278732445,-0.3907271544810628,-0.3726206455918433,-209.0,-209.0
22,0.8955869907338783,-0.429155969432452,-0.3750787031501307,-209.0,-209.0
23,0.8911090557802088,-0.3353839101652136,-0.37342475344242576,-209.0,-209.0
24,0.8866535105013078,-0.32167586221206385,-0.3713547977932113,-209.0,-209.0
25,0.8822202429488013,-0.3837157243370492,-0.3718302180448974,-209.0,-209.0
26,0.8778091417340573,-0.31793250406954465,-0.3698340064161806,-209.0,-209.0
27,0.8734200960253871,-0.38021359754470857,-0.3702047060993423,-209.0,-209.0
28,0.8690529955452602,-0.30753779211645843,-0.368043778030967,-209.0,-209.0
29,0.8647077305675338,-0.330994196384994,-0.3668087919761012,-209.0,-209.0
30,0.8603841919146962,-0.36490472564662824,-0.3667473704816021,-209.0,-209.0
31,0.8560822709551227,-0.18882227238510854,-0.36118721116608665,-209.0,-209.0
32,0.851801859600347,-0.38704458165507366,-0.3619707678475711,-209.0,-209.0
33,0.8475428503023453,-0.301553507655948,-0.360193789606641,-209.0,-209.0
34,0.8433051360508336,-0.4311663756790308,-0.36222157778013786,-209.0,-209.0
35,0.8390886103705794,-0.34621287904469067,-0.3617768917041532,-209.0,-209.0
36,0.8348931673187264,-0.3607466645805409,-0.36174904772783933,-209.0,-209.0
37,0.8307187014821328,-0.412117039037908,-0.36307452118336747,-209.0,-209.0
38,0.8265651079747222,-0.42408155798314096,-0.36463880417823347,-209.0,-209.0
39,0.8224322824348486,-0.42516203544345876,-0.36615188495986406,-209.0,-209.0
40,0.8183201210226743,-0.3815940263357029,-0.3665285225543967,-209.0,-209.0
41,0.8142285204175609,-0.4200640162645677,-0.3678031771665437,-209.0,-209.0
42,0.810157377815473,-0.4040798881990737,-0.3686468216091607,-209.0,-209.0
43,0.8061065909263957,-0.4083284197123299,-0.36954867611150544,-209.0,-209.0
44,0.8020760579717637,-0.28453236038239926,-0.36765942465085866,-209.0,-209.0
45,0.798065677681905,-0.3562430289466721,-0.36741124213555026,-209.0,-209.0
46,0.7940753492934954,-0.4043293741244678,-0.36819673430552724,-209.0,-209.0
47,0.7901049725470279,-0.13087229972729691,-0.3632524752518141,-209.0,-209.0
48,0.7861544476842928,-0.32798405666446634,-0.3625327116071744,-209.0,-209.0
49,0.7822236754458713,-0.41766614322018547,-0.36363538023943454,-209.0,-209.0
50,0.778312557068642,-0.4431451633506932,-0.36519439559455724,-209.0,-209.0
51,0.7744209942832988,-0.36822314771555853,-0.3652526408276534,-209.0,-209.0
52,0.7705488893118823,-0.3984783413069996,-0.3658795408366977,-209.0,-209.0
53,0.7666961448653229,-0.31120905098552315,-0.36486712435797225,-209.0,-209.0
54,0.7628626641409962,-0.28680239438582256,-0.3634477656312059,-209.0,-209.0
55,0.7590483508202912,-0.4330260557818231,-0.3646902350981812,-209.0,-209.0
56,0.7552531090661897,-0.4162941724470459,-0.3655955673323718,-209.0,-209.0
57,0.7514768435208588,-0.3398492692813669,-0.3651516656418372,-209.0,-209.0
58,0.7477194593032545,-0.4262150292314262,-0.36618663790606754,-209.0,-209.0
59,0.7439808620067382,-0.2681389186130401,-0.36455250925118377,-209.0,-209.0
60,0.7402609576967045,-0.3915557444999162,-0.36499518523886787,-209.0,-209.0
61,0.736559652908221,-0.3944538575759614,-0.36547032511527255,-209.0,-209.0
62,0.7328768546436799,-0.450805441628623,-0.3668248507742147,-209.0,-209.0
63,0.7292124703704616,-0.40508160793215253,-0.36742261260480746,-209.0,-209.0
64,0.7255664080186093,-0.38655723426922967,-0.36771699139964475,-209.0,-209.0
65,0.7219385759785162,-0.387289597332327,-0.36801354603498837,-209.0,-209.0
66,0.7183288830986236,-0.33820040683051283,-0.3675685738080559,-209.0,-209.0
67,0.7147372386831305,-0.38674495626259403,-0.36785057943238736,-209.0,-209.0
68,0.7111635524897149,-0.39145415013927626,-0.36819266016726976,-209.0,-209.0
69,0.7076077347272662,-0.4027989197004282,-0.36868703530345776,-209.0,-209.0
70,0.7040696960536299,-0.3249852312331355,-0.3680715169362701,-209.0,-209.0
71,0.7005493475733617,-0.4665603719294386,-0.3694394177000641,-209.0,-209.0
72,0.697046600835495,-0.3651979752703319,-0.3693813157489719,-209.0,-209.0
73,0.6935613678313175,-0.36295643777643005,-0.36929449307366724,-209.0,-209.0
74,0.6900935609921609,-0.37901355051025987,-0.3694240805061551,-209.0,-209.0
75,0.6866430931872001,-0.41236177490937687,-0.3699890501693554,-209.0,-209.0
76,0.6832098777212641,-0.41481729729377487,-0.3705712351969453,-209.0,-209.0
77,0.6797938283326578,-0.3313665156460058,-0.3700686105873179,-209.0,-209.0
78,0.6763948591909945,-0.4353935424171134,-0.3708955084585811,-209.0,-209.0
79,0.6730128848950395,-0.3214753280202103,-0.3702777562031015,-209.0,-209.0
80,0.6696478204705644,-0.28017921743509666,-0.3691654285639903,-209.0,-209.0
81,0.6662995813682115,-0.29937944059940347,-0.3683143799302758,-209.0,-209.0
82,0.6629680834613705,-0.340507574751538,-0.3679793581811344,-209.0,-209.0
83,0.6596532430440636,-0.29127983710487343,-0.36706626864451225,-209.0,-209.0
84,0.6563549768288433,-0.3925635521301404,-0.36736623668551965,-209.0,-209.0
85,0.653073201944699,-0.35286560942757367,-0.36719762474065987,-209.0,-209.0
86,0.6498078359349755,-0.3793386676642408,-0.36733717695817225,-209.0,-209.0
87,0.6465587967553006,-0.30628690245822343,-0.3666434238388547,-209.0,-209.0
88,0.6433260027715241,-0.3953732095725822,-0.3669662304201325,-209.0,-209.0
89,0.6401093727576664,-0.4296617236007217,-0.36766284701102797,-209.0,-209.0
90,0.6369088258938781,-0.3296283781972863,-0.36724488581527254,-209.0,-209.0
91,0.6337242817644086,-0.27818151758319504,-0.3662768057257934,-209.0,-209.0
92,0.6305556603555866,-0.3074667136161563,-0.3656444391439694,-209.0,-209.0
93,0.6274028820538087,-0.45033499483034106,-0.366545402502335,-209.0,-209.0
94,0.6242658676435396,-0.3320875228190471,-0.36618268797935305,-209.0,-209.0
95,0.6211445383053219,-0.306398691409148,-0.3655599380150801,-209.0,-209.0
96,0.6180388156137953,-0.403897492333607,-0.36595517053382776,-209.0,-209.0
97,0.6149486215357263,-0.4104174102288816,-0.3664088668572467,-209.0,-209.0
98,0.6118738784280476,-0.3277476951192949,-0.36601834997100474,-209.0,-209.0
99,0.6088145090359074,-0.477120504926121,-0.36712937152055586,-209.0,-209.0
100,0.6057704364907278,-0.4986855929208259,-0.3684319083661031,-209.0,-209.0
101,0.6027415843082742,-0.3662291292552318,-0.36841031249246714,-209.0,-209.0
102,0.5997278763867329,-0.3616199126159507,-0.36834438628007377,-209.0,-209.0
103,0.5967292370047992,-0.38484630270286463,-0.3685030585533698,-209.0,-209.0
104,0.5937455908197752,-0.3689632821215022,-0.3685074416349711,-209.0,-209.0
105,0.5907768628656763,-0.38923896165482635,-0.36870302201251687,-209.0,-209.0
106,0.5878229785513479,-0.11304417806291606,-0.3663136870223337,-209.0,-209.0
107,0.5848838636585911,-0.45859546808917934,-0.3671681479581378,-209.0,-209.0
108,0.5819594443402982,-0.5046104806164321,-0.3684290867898653,-209.0,-209.0
109,0.5790496471185967,-0.46443167687316783,-0.3693018376088044,-209.0,-209.0
110,0.5761543988830038,-0.2942191390074076,-0.36862541690068373,-209.0,-209.0
111,0.5732736268885887,-0.5224262204561604,-0.3699986383610005,-209.0,-209.0
112,0.5704072587541458,-0.46098322936143554,-0.37080381173268584,-209.0,-209.0
113,0.567555222460375,-0.3590043583258172,-0.3707003077554326,-209.0,-209.0
114,0.5647174463480732,-0.41580756970845123,-0.3710925448158936,-209.0,-209.0
115,0.5618938591163328,-0.34539843944290805,-0.3708710439075058,-209.0,-209.0
116,0.5590843898207511,-0.3983367398783811,-0.3711057934457184,-209.0,-209.0
117,0.5562889678716474,-0.24327417188490374,-0.3700224746189319,-209.0,-209.0
118,0.5535075230322891,-0.5108506504799767,-0.3712059046681843,-209.0,-209.0
119,0.5507399854171277,-0.3940182130454949,-0.3713960072379952,-209.0,-209.0
120,0.547986285490042,-0.37019098492149727,-0.3713860483758754,-209.0,-209.0
121,0.5452463540625918,-0.38900905041779177,-0.3715304992122846,-209.0,-209.0
122,0.5425201222922789,-0.32366048401439423,-0.3711413120968546,-209.0,-209.0
123,0.5398075216808175,-0.5003599643634965,-0.3721833980022307,-209.0,-209.0
124,0.5371084840724134,-0.44208981540845865,-0.37274264934148055,-209.0,-209.0
125,0.5344229416520513,-0.3916629861088755,-0.3728928107443964,-209.0,-209.0
126,0.531750826943791,-0.49137935385013726,-0.3738257756507408,-209.0,-209.0
127,0.5290920728090721,-0.324552708440015,-0.373440829813157,-209.0,-209.0
128,0.5264466124450268,-0.4507410848990083,-0.37404005659676826,-209.0,-209.0
129,0.5238143793828016,-0.3816418337576927,-0.3740985318056984,-209.0,-209.0
130,0.5211953074858876,-0.38765309004076814,-0.37420200171588985,-209.0,-209.0
131,0.5185893309484582,-0.3689024446200534,-0.3741618535560729,-209.0,-209.0
132,0.5159963842937159,-0.527784837055005,-0.3753169135823806,-209.0,-209.0
133,0.5134164023722473,-0.3805666881218243,-0.37535609100431677,-209.0,-209.0
134,0.510849320360386,-0.2905400196191706,-0.37472782380887126,-209.0,-209.0
135,0.5082950737585841,-0.44568835934672,-0.3752495924525319,-209.0,-209.0
136,0.5057535983897912,-0.4047465058775927,-0.37546489838994107,-209.0,-209.0
137,0.5032248303978422,-0.47500365435246206,-0.3761861937230028,-209.0,-209.0
138,0.500708706245853,-0.31784096385106186,-0.375766443867809,-209.0,-209.0
139,0.4982051627146237,-0.5012180078873045,-0.37666252646794823,-209.0,-209.0
140,0.49571413690105054,-0.4939079907237426,-0.3774940545832376,-209.0,-209.0
141,0.4932355662165453,-0.32274066187593997,-0.37710846731065095,-209.0,-209.0
142,0.4907693883854626,-0.3972714416513418,-0.37724946713121527,-209.0,-209.0
143,0.4883155414435353,-0.3750977789510697,-0.37723452485218645,-209.0,-209.0
144,0.4858739637363176,-0.43669845216915365,-0.37764462090264833,-209.0,-209.0
145,0.483444593917636,-0.38608400965030754,-0.37770242493516654,-209.0,-209.0
146,0.4810273709480478,-0.46196743111621785,-0.37827565626973153,-209.0,-209.0
147,0.47862223409330756,-0.41496134254143013,-0.3785235325283241,-209.0,-209.0
148,0.47622912292284103,-0.315588921198459,-0.37810115258651295,-209.0,-209.0
149,0.4738479773082268,-0.2741078609890256,-0.37740786397586307,-209.0,-209.0
150,0.47147873742168567,-0.2645945753601119,-0.37666075610423555,-209.0,-209.0
151,0.46912134373457726,-0.4267684805950317,-0.3769904121864118,-209.0,-209.0
152,0.46677573701590436,-0.2880580733693507,-0.3764091550699605,-209.0,-209.0
153,0.46444185833082485,-0.4086003460029756,-0.37661818877731773,-209.0,-209.0
154,0.46211964903917074,-0.4229424547585101,-0.37691705500945444,-209.0,-209.0
155,0.4598090507939749,-0.41125912838557216,-0.37713719650545524,-209.0,-209.0
156,0.457510005540005,-0.44562285881175395,-0.3775734109150495,-209.0,-209.0
157,0.45522245551230495,-0.22097293312177477,-0.37658226865053507,-209.0,-209.0
158,0.4529463432347434,-0.35294952337977753,-0.37643363503247995,-209.0,-209.0
159,0.4506816115185697,-0.3418230629944582,-0.3762173189572423,-209.0,-209.0
160,0.4484282034609769,-0.2187240051115048,-0.3752390996165856,-209.0,-209.0
161,0.446186062443672,-0.2013523434435684,-0.3741657245784805,-209.0,-209.0
162,0.4439551321314536,-0.3804852265925085,-0.37420449452948684,-209.0,-209.0
163,0.4417353564707963,-0.33631024163375045,-0.3739734320118299,-209.0,-209.0
164,0.43952667968844233,-0.25086254939286834,-0.3732273054505029,-209.0,-209.0
165,0.43732904629000013,-0.3955486964171364,-0.37336177166114526,-209.0,-209.0
166,0.4351424010585501,-0.4135555691010116,-0.37360245308294093,-209.0,-209.0
167,0.43296668905325736,-0.4224522302562154,-0.37389322556611515,-209.0,-209.0
168,0.43080185560799106,-0.3742532988021235,-0.3738953561769791,-209.0,-209.0
169,0.4286478463299511,-0.36881051676848225,-0.3738654453569291,-209.0,-209.0
170,0.42650460709830135,-0.47792902650596364,-0.374474004311017,-209.0,-209.0
171,0.42437208406280985,-0.36241916174637157,-0.37440391801703654,-209.0,-209.0
172,0.4222502236424958,-0.2079206686411468,-0.3734415870957887,-209.0,-209.0
173,0.42013897252428334,-0.35959446396509875,-0.3733620059283709,-209.0,-209.0
174,0.4180382776616619,-0.22855078899982162,-0.37253451326020776,-209.0,-209.0
175,0.4159480862733536,-0.32689963605117794,-0.37227522418515646,-209.0,-209.0
176,0.41386834584198684,-0.36589149763570106,-0.3722391579334646,-209.0,-209.0
177,0.4117990041127769,-0.2688065613067592,-0.3716580759299438,-209.0,-209.0
178,0.40974000909221303,-0.3450324156079526,-0.37150932922423435,-209.0,-209.0
179,0.40769130904675194,-0.4125750164286096,-0.37173747193092527,-209.0,-209.0
180,0.40565285250151817,-0.368278566810388,-0.37171836195788366,-209.0,-209.0
181,0.4036245882390106,-0.5388373199501657,-0.3726365979908082,-209.0,-209.0
182,0.4016064652978155,-0.39805217223552786,-0.37277548091017826,-209.0,-209.0
183,0.3995984329713264,-0.4125257846964033,-0.372991515169886,-209.0,-209.0
184,0.3976004408064698,-0.48165807171026853,-0.37357890196199617,-209.0,-209.0
185,0.39561243860243744,-0.40679046367869387,-0.37375745874541927,-209.0,-209.0
186,0.3936343764094253,-0.2893625867589354,-0.37330614926955574,-209.0,-209.0
187,0.39166620452737816,-0.2966683350422301,-0.37289850132153807,-209.0,-209.0
188,0.3897078735047413,-0.3475774644260165,-0.3727645275813501,-209.0,-209.0
189,0.3877593341372176,-0.2982158610569504,-0.37237216617859004,-209.0,-209.0
190,0.3858205374665315,-0.33836579032363834,-0.3721941223259463,-209.0,-209.0
191,0.38389143477919885,-0.34933077090925874,-0.3720750423706511,-209.0,-209.0
192,0.3819719776053028,-0.44830926039499774,-0.37247003831896375,-209.0,-209.0
193,0.3800621177172763,-0.16338004707463297,-0.37139225485894145,-209.0,-209.0
194,0.37816180712868996,-0.3792764774450008,-0.3714326867696392,-209.0,-209.0
195,0.37627099809304654,-0.4168652910727673,-0.37166448577118577,-209.0,-209.0
196,0.3743896431025813,-0.43152262298636096,-0.37196833418344555,-209.0,-209.0
197,0.37251769488706843,-0.37200582086567724,-0.3719685235101235,-209.0,-209.0
198,0.3706551064126331,-0.49628425927123393,-0.37259322569987785,-209.0,-209.0
199,0.36880183088056995,-0.5193631522291497,-0.3733270753325242,-209.0,-209.0
200,0.3669578217261671,-0.3293829281291016,-0.3731084477344972,-209.0,-209.0
201,0.36512303261753626,-0.37793836631471267,-0.37313235822251806,-209.0,-209.0
202,0.3632974174544486,-0.5247501793902911,-0.37387924404107853,-209.0,-209.0
203,0.3614809303671764,-0.2867580483913631,-0.37345217935652114,-209.0,-209.0
204,0.3596735257153405,-0.27265611169096676,-0.37296049122156716,-209.0,-209.0
205,0.3578751580867638,-0.3737821765976404,-0.37296447998552873,-209.0,-209.0
206,0.35608578229633,-0.2812019346692949,-0.37252118266516043,-209.0,-209.0
207,0.3543053533848483,-0.42311760315260705,-0.3727644346867347,-209.0,-209.0
208,0.35253382661792404,-0.45264406537838364,-0.37314663387664687,-209.0,-209.0
209,0.3507711574848344,-0.4400321735431713,-0.3734651364464875,-209.0,-209.0
210,0.34901730169741024,-0.43801393590110516,-0.3737710549273151,-209.0,-209.0
211,0.3472722151889232,-0.42612494376277493,-0.3740180072331427,-209.0,-209.0
212,0.3455358541129786,-0.28999420519805535,-0.373623529289316,-209.0,-209.0
213,0.3438081748424137,-0.48637298649067734,-0.3741503959117523,-209.0,-209.0
214,0.3420891339682016,-0.3722737537562416,-0.37414166734358717,-209.0,-209.0
215,0.3403786882983606,-0.2517638155611979,-0.373575103214965,-209.0,-209.0
216,0.3386767948568688,-0.3603467199629558,-0.3735141429234811,-209.0,-209.0
217,0.33698341088258443,-0.44276989746366247,-0.3738318298709131,-209.0,-209.0
218,0.3352984938281715,-0.4353315888525533,-0.3741126506881809,-209.0,-209.0
219,0.33362200135903064,-0.29449155777843466,-0.3737507366295002,-209.0,-209.0
220,0.33195389135223546,-0.43624639581140556,-0.37403352241765364,-209.0,-209.0
221,0.3302941218954743,-0.514661753196649,-0.3746669829166581,-209.0,-209.0
222,0.32864265128599696,-0.4918462067096113,-0.37519245028792697,-209.0,-209.0
223,0.326999438029567,-0.5342357673406342,-0.37590246509619796,-209.0,-209.0
224,0.3253644408394192,-0.428251481857878,-0.37613512739291655,-209.0,-209.0
225,0.3237376186352221,-0.4165606727500397,-0.3763140014874171,-209.0,-209.0
226,0.322118930542046,-0.27696221222613077,-0.3758763284069709,-209.0,-209.0
227,0.32050833588933575,-0.45603908813282373,-0.37622791945840006,-209.0,-209.0
228,0.31890579420988907,-0.5163841500664219,-0.37683995539991977,-209.0,-209.0
229,0.3173112652388396,-0.4583482240521547,-0.37719433917666867,-209.0,-209.0
230,0.3157247089126454,-0.39872038279037875,-0.3772875255126587,-209.0,-209.0
231,0.3141460853680822,-0.49153967396701176,-0.37777999166978954,-209.0,-209.0
232,0.3125753549412418,-0.5028035380789231,-0.37831657341403474,-209.0,-209.0
233,0.31101247816653554,-0.08254104174436694,-0.3770525754154464,-209.0,-209.0
234,0.30945741577570285,-0.3704011726699999,-0.37702427157397644,-209.0,-209.0
235,0.3079101286968243,-0.4211428045241187,-0.37721121451020584,-209.0,-209.0
236,0.3063705780533402,-0.35150818155093744,-0.37710276289434397,-209.0,-209.0
237,0.30483872516307353,-0.3538517131661764,-0.3770050694080912,-209.0,-209.0
238,0.3033145315372582,-0.353993297278627,-0.3769087858426959,-209.0,-209.0
239,0.3017979588795719,-0.42098232457506607,-0.3770924255874141,-209.0,-209.0
240,0.30028896908517405,-0.3841443272259501,-0.3771216865900637,-209.0,-209.0
241,0.2987875242397482,-0.3272592375947016,-0.37691564341239686,-209.0,-209.0
242,0.29729358661854943,-0.07583448683093014,-0.37567662630712334,-209.0,-209.0
243,0.29580711868545667,-0.5520740046418575,-0.3763995663822657,-209.0,-209.0
244,0.2943280830920294,-0.4070612890079736,-0.37652471627053385,-209.0,-209.0
245,0.29285644267656924,-0.30239853301623737,-0.37622339032234564,-209.0,-209.0
246,0.2913921604631864,-0.48260698665645935,-0.3766540931415121,-209.0,-209.0
247,0.28993519966087045,-0.26528397887995164,-0.37620502010013485,-209.0,-209.0
248,0.2884855236625661,-0.4084846654079427,-0.3763346572298851,-209.0,-209.0
249,0.28704309604425327,-0.39197869978084543,-0.3763972334000889,-209.0,-209.0
250,0.285607880564032,-0.15647410826134023,-0.3755210456505321,-209.0,-209.0
251,0.28417984116121187,-0.42796455554160046,-0.37572915481676655,-209.0,-209.0
252,0.2827589419554058,-0.39974743399585505,-0.3758240887265653,-209.0,-209.0
253,0.28134514724562876,-0.49812767387749074,-0.37630559890432486,-209.0,-209.0
254,0.2799384215094006,-0.4760242787277802,-0.37669665255069135,-209.0,-209.0
255,0.27853872940185365,-0.5175828632059798,-0.37724698931106354,-209.0,-209.0
256,0.27714603575484437,-0.49312530997608583,-0.3776978777183204,-209.0,-209.0
257,0.2757603055760701,-0.47725803311890436,-0.37808376979351643,-209.0,-209.0
258,0.2743815040481898,-0.3234606421302404,-0.37787286968670847,-209.0,-209.0
259,0.2730095965279488,-0.46759268447852,-0.3782179458974462,-209.0,-209.0
260,0.27164454854530906,-0.5284426059126096,-0.37879351930746596,-209.0,-209.0
261,0.2702863258025825,-0.45744398051440854,-0.3790937119074925,-209.0,-209.0
262,0.2689348941735696,-0.4339566080801116,-0.37930231607544923,-209.0,-209.0
263,0.26759021970270175,-0.38911778396951624,-0.37933949587807825,-209.0,-209.0
264,0.2662522686041882,-0.41114132104747786,-0.37945950276550994,-209.0,-209.0
265,0.2649210072611673,-0.4053891427847255,-0.37955698261520626,-209.0,-209.0
266,0.26359640222486147,-0.4450993105734506,-0.37980245949894503,-209.0,-209.0
267,0.26227842021373715,-0.3307472053660014,-0.3796194175059116,-209.0,-209.0
268,0.2609670281126685,-0.3045829444377457,-0.37934047150937567,-209.0,-209.0
269,0.25966219297210513,-0.30765724565806735,-0.3790749780802967,-209.0,-209.0
270,0.2583638820072446,-0.4630094945767466,-0.3793846995433833,-209.0,-209.0
271,0.2570720625972084,-0.40838945930341475,-0.37949133468955987,-209.0,-209.0
272,0.25578670228422234,-0.4539240115647175,-0.3797639818576008,-209.0,-209.0
273,0.25450776877280124,-0.32525857660510255,-0.37956505702091287,-209.0,-209.0
274,0.2532352299289372,-0.4635371859156111,-0.3798704102168936,-209.0,-209.0
275,0.2519690537792925,-0.47478450386567694,-0.3802143018605486,-209.0,-209.0
276,0.2507092085103961,-0.40733874592824,-0.3803122240412984,-209.0,-209.0
277,0.2494556624678441,-0.37668133951462335,-0.38029916330559094,-209.0,-209.0
278,0.24820838415550486,-0.4788817192431545,-0.38065250579999077,-209.0,-209.0
279,0.24696734223472733,-0.40157815410075764,-0.3807272402582078,-209.0,-209.0
280,0.2457325055235537,-0.4622399191118051,-0.3810173209658719,-209.0,-209.0
281,0.24450384299593592,-0.4303096904111209,-0.38119211660220254,-209.0,-209.0
282,0.24328132378095624,-0.47616067982100446,-0.38152769456410646,-209.0,-209.0
283,0.24206491716205145,-0.47455494114575425,-0.3818552552915066,-209.0,-209.0
284,0.2408545925762412,-0.3228776027616038,-0.38164831615982275,-209.0,-209.0
285,0.23965031961336,-0.41377462724787334,-0.3817606459188719,-209.0,-209.0
286,0.2384520680152932,-0.4114427774643659,-0.38186406798000605,-209.0,-209.0
287,0.23725980767521673,-0.49281168449962354,-0.38224930275958807,-209.0,-209.0
288,0.23607350863684065,-0.4560293630670014,-0.3825045970859113,-209.0,-209.0
289,0.23489314109365644,-0.2127636810173843,-0.3819192835822267,-209.0,-209.0
290,0.23371867538818816,-0.32691498883168457,-0.38173026538720767,-209.0,-209.0
291,0.23255008201124722,-0.4865366825780983,-0.38208919147347786,-209.0,-209.0
292,0.231387331601191,-0.38287133031010134,-0.38209186088930247,-209.0,-209.0
293,0.23023039494318503,-0.34245692418778256,-0.3819570481794334,-209.0,-209.0
294,0.2290792429684691,-0.496470779942346,-0.3823452303210026,-209.0,-209.0
295,0.22793384675362674,-0.4843671981765012,-0.3826898991313252,-209.0,-209.0
296,0.22679417751985861,-0.3215697955313129,-0.38248410753671236,-209.0,-209.0
297,0.22566020663225933,-0.2366968508607993,-0.3819948885545784,-209.0,-209.0
298,0.22453190559909803,-0.35465821893863225,-0.38190346156589633,-209.0,-209.0
299,0.22340924607110255,-0.4503447872048805,-0.3821315993180263,-209.0,-209.0
300,0.22229219984074702,-0.39903940103755137,-0.3821877714167623,-209.0,-209.0
301,0.2211807388415433,-0.2702812370617622,-0.3818172199785007,-209.0,-209.0
302,0.22007483514733558,-0.3396098165098072,-0.3816779216172179,-209.0,-209.0
303,0.2189744609715989,-0.47854391974077726,-0.3819965597689401,-209.0,-209.0
304,0.2178795886667409,-0.5763001430637441,-0.38263362069777557,-209.0,-209.0
305,0.2167901907234072,-0.37422460754452946,-0.38260614026263423,-209.0,-209.0
306,0.21570623976979014,-0.34114630750128716,-0.3824710919474507,-209.0,-209.0
307,0.21462770857094118,-0.2299804932706622,-0.3819759926010975,-209.0,-209.0
308,0.21355457002808648,-0.5168011682471617,-0.38241232003037273,-209.0,-209.0
309,0.21248679717794605,-0.34295684446676666,-0.38228504430274823,-209.0,-209.0
310,0.21142436319205632,-0.3238964961621539,-0.3820972997749649,-209.0,-209.0
311,0.21036724137609603,-0.23668529819405612,-0.38163123566733387,-209.0,-209.0
312,0.20931540516921554,-0.13771706940428668,-0.38085195718087045,-209.0,-209.0
313,0.20826882814336947,-0.15503625432042994,-0.38013279889150603,-209.0,-209.0
314,0.20722748400265262,-0.34755721688733116,-0.38002938434546096,-209.0,-209.0
315,0.20619134658263935,-0.5231391457218839,-0.3804822633371585,-209.0,-209.0
316,0.20516038984972615,-0.3953291216562848,-0.38052909885236086,-209.0,-209.0
317,0.2041345879004775,-0.46166911380202047,-0.3807842561320767,-209.0,-209.0
318,0.2031139149609751,-0.4456375238913494,-0.3809875579118864,-209.0,-209.0
319,0.20209834538617025,-0.516554154673074,-0.38141120352676505,-209.0,-209.0
320,0.2010878536592394,-0.309621387142251,-0.38118755923896286,-209.0,-209.0
321,0.2000824143909432,-0.39604657047119257,-0.3812337052365785,-209.0,-209.0
322,0.19908200231898848,-0.5625677533595677,-0.3817951109583215,-209.0,-209.0
323,0.19808659230739353,-0.337142878867216,-0.38165729542717614,-209.0,-209.0
324,0.19709615934585656,-0.3709297752049435,-0.38162428767264617,-209.0,-209.0
325,0.19611067854912728,-0.16547982276215908,-0.3809612678416324,-209.0,-209.0
326,0.19513012515638165,-0.3588986585835493,-0.3808937980885496,-209.0,-209.0
327,0.19415447453059972,-0.2673885675787381,-0.3805477455565075,-209.0,-209.0
328,0.19318370215794672,-0.4632440543190808,-0.38079910211809587,-209.0,-209.0
329,0.192217783647157,-0.5243051199645915,-0.38123396883884286,-209.0,-209.0
330,0.1912566947289212,-0.4157891870681508,-0.38133836526853865,-209.0,-209.0
331,0.1903004112552766,-0.4049383244460639,-0.38140944948292876,-209.0,-209.0
332,0.18934890919900021,-0.4005434377775124,-0.38146690890723683,-209.0,-209.0
333,0.18840216465300522,-0.2911171424052283,-0.3811964006242967,-209.0,-209.0
334,0.18746015382974018,-0.5388250811756126,-0.38166693399907675,-209.0,-209.0
335,0.1865228530605915,-0.3103339124096811,-0.3814546333395845,-209.0,-209.0
336,0.18559023879528855,-0.17205670376126836,-0.38083327449810583,-209.0,-209.0
337,0.1846622876013121,-0.4794307397964807,-0.38112498297531994,-209.0,-209.0
338,0.18373897616330553,-0.34325944067754943,-0.3810132852104297,-209.0,-209.0
339,0.182820281282489,-0.3806833196345256,-0.38101231472344177,-209.0,-209.0
340,0.18190617987607657,-0.4400078541146782,-0.38118532217033685,-209.0,-209.0
341,0.18099664897669618,-0.27710557234162003,-0.3808809954164517,-209.0,-209.0
342,0.1800916657318127,-0.16095463416175784,-0.3802398106897616,-209.0,-209.0
343,0.17919120740315364,-0.3643865524265762,-0.3801937256366709,-209.0,-209.0
344,0.17829525136613786,-0.24357123892048183,-0.37979771842879795,-209.0,-209.0
345,0.17740377510930716,-0.2510718222163693,-0.3794256782663343,-209.0,-209.0
346,0.17651675623376062,-0.243452682980444,-0.379033825253983,-209.0,-209.0
347,0.1756341724525918,-0.5403667253480315,-0.37949742554160953,-209.0,-209.0
348,0.17475600159032884,-0.4759352273974889,-0.37977375162142585,-209.0,-209.0
349,0.17388222158237718,-0.46830005826680177,-0.38002668392612693,-209.0,-209.0
350,0.1730128104744653,-0.4447942066513111,-0.38021120678289383,-209.0,-209.0
351,0.17214774642209296,-0.3703013563312235,-0.38018305379865613,-209.0,-209.0
352,0.1712870076899825,-0.42824173493783435,-0.3803191973712884,-209.0,-209.0
353,0.17043057265153258,-0.4848232887836972,-0.3806144066690636,-209.0,-209.0
354,0.16957841978827493,-0.4505295166964389,-0.38081135064097166,-209.0,-209.0
355,0.16873052768933355,-0.4673800757662594,-0.3810545212171663,-209.0,-209.0
356,0.1678868750508869,-0.21082272223394416,-0.38057768144410414,-209.0,-209.0
357,0.16704744067563246,-0.24668663588650233,-0.3802036841101443,-209.0,-209.0
358,0.1662122034722543,-0.4154036717196049,-0.3803017342149061,-209.0,-209.0
359,0.16538114245489302,-0.3208865114080781,-0.3801366919293316,-209.0,-209.0
360,0.16455423674261854,-0.32935439011924567,-0.3799960207331818,-209.0,-209.0
361,0.16373146555890544,-0.3132249070467148,-0.37981157014288763,-209.0,-209.0
362,0.16291280823111093,-0.5615814112493862,-0.3803123135068174,-209.0,-209.0
363,0.16209824418995536,-0.5153576324922328,-0.38068331713040365,-209.0,-209.0
364,0.16128775296900558,-0.173614047959425,-0.38011600406418183,-209.0,-209.0
365,0.16048131420416054,-0.4968366044759539,-0.3804349128084763,-209.0,-209.0
366,0.15967890763313974,-0.4243891216776006,-0.3805546790451769,-209.0,-209.0
367,0.15888051309497406,-0.4762228421657779,-0.38081464687974376,-209.0,-209.0
368,0.1580861105294992,-0.45834751646044897,-0.38102476305746924,-209.0,-209.0
369,0.1572956799768517,-0.364163537916578,-0.38097919217871,-209.0,-209.0
370,0.15650920157696743,-0.25369075373319305,-0.38063609665729353,-209.0,-209.0
371,0.1557266555690826,-0.5399176879542393,-0.3810642729779843,-209.0,-209.0
372,0.1549480222912372,-0.43418962226983054,-0.381206700187882,-209.0,-209.0
373,0.15417328217978102,-0.37405074746405975,-0.38118756662444925,-209.0,-209.0
374,0.1534024157688821,-0.5012470485272082,-0.38150772524285664,-209.0,-209.0
375,0.1526354036900377,-0.5068720646370535,-0.3818411410391178,-209.0,-209.0
376,0.1518722266715875,-0.46571282750165766,-0.38206361235599456,-209.0,-209.0
377,0.15111286553822956,-0.5439171495839801,-0.38249179631691516,-209.0,-209.0
378,0.15035730121053842,-0.44267083132255824,-0.3826505800504393,-209.0,-209.0
379,0.14960551470448571,-0.5204757989851156,-0.3830132779950042,-209.0,-209.0
380,0.14885748713096328,-0.47915892227495605,-0.3832656287673925,-209.0,-209.0
381,0.14811319969530845,-0.21180452134195596,-0.3828167777008338,-209.0,-209.0
382,0.1473726336968319,-0.2571006323413251,-0.3824885371124277,-209.0,-209.0
383,0.14663577052834775,-0.1708534372505414,-0.3819374040398707,-209.0,-209.0
384,0.14590259167570602,-0.41998137906655597,-0.3820362195594206,-209.0,-209.0
385,0.1451730787173275,-0.21251948262751397,-0.38159705702850893,-209.0,-209.0
386,0.14444721332374086,-0.47093176570484935,-0.3818278960690163,-209.0,-209.0
387,0.14372497725712216,-0.34543298082943347,-0.3817340947410792,-209.0,-209.0
388,0.14300635237083656,-0.458780409578846,-0.3819321572470889,-209.0,-209.0
389,0.14229132060898236,-0.14474547870593454,-0.3813239862764706,-209.0,-209.0
390,0.14157986400593744,-0.21735500425725152,-0.38090462826619126,-209.0,-209.0
391,0.14087196468590776,-0.4298220424720088,-0.38102941758814485,-209.0,-209.0
392,0.14016760486247823,-0.45142591743973715,-0.3812085435419657,-209.0,-209.0
393,0.13946676683816583,-0.5343360579509936,-0.3815971920556942,-209.0,-209.0
394,0.138769433003975,-0.38903889771731165,-0.3816160318168628,-209.0,-209.0
395,0.13807558583895513,-0.40350787411104827,-0.38167131424689865,-209.0,-209.0
396,0.13738520790976036,-0.2702479208968796,-0.3813906507875787,-209.0,-209.0
397,0.13669828187021155,-0.27405747632723854,-0.3811209694447136,-209.0,-209.0
398,0.13601479046086049,-0.4553266159975637,-0.3813069485087558,-209.0,-209.0
399,0.1353347165085562,-0.4328165701816012,-0.38143572256293795,-209.0,-209.0
400,0.1346580429260134,-0.4856381275760881,-0.3816955789345418,-209.0,-209.0
401,0.13398475271138335,-0.41123078836392696,-0.38176904960476415,-209.0,-209.0
402,0.13331482894782642,-0.3520833141514717,-0.3816953877301903,-209.0,-209.0
403,0.13264825480308728,-0.4516899656374553,-0.38186864163590134,-209.0,-209.0
404,0.13198501352907185,-0.5428552559773784,-0.38226613944909016,-209.0,-209.0
405,0.1313250884614265,-0.3433327488186489,-0.38217024439827624,-209.0,-209.0
406,0.13066846301911936,-0.42614069300896285,-0.38227827989854823,-209.0,-209.0
407,0.13001512070402377,-0.5449557638465274,-0.38267699922195014,-209.0,-209.0
408,0.12936504510050365,-0.4542316298205324,-0.3828519494190127,-209.0,-209.0
409,0.12871821987500112,-0.34416803951220415,-0.38275759841923995,-209.0,-209.0
410,0.12807462877562611,-0.35894343169376824,-0.38269965640774245,-209.0,-209.0
411,0.12743425563174798,-0.46951130108996103,-0.38291036428318476,-209.0,-209.0
412,0.12679708435358925,-0.5105474045630092,-0.38321941280686467,-209.0,-209.0
413,0.1261630989318213,-0.36342940314573596,-0.3831716108511615,-209.0,-209.0
414,0.1255322834371622,-0.4503452650700787,-0.38333347507819504,-209.0,-209.0
415,0.12490462201997637,-0.4341843770006866,-0.383455712823201,-209.0,-209.0
416,0.1242800989098765,-0.4542631967583989,-0.3836255149429497,-209.0,-209.0
417,0.12365869841532712,-0.43263861521346186,-0.38374277116369254,-209.0,-209.0
418,0.12304040492325048,-0.4600854611359948,-0.38392497328773145,-209.0,-209.0
419,0.12242520289863423,-0.42171721823388814,-0.38401495482331754,-209.0,-209.0
420,0.12181307688414106,-0.5560509428757601,-0.384423591374511,-209.0,-209.0
421,0.12120401149972035,-0.15311967967994494,-0.3838754778396897,-209.0,-209.0
422,0.12059799144222175,-0.22713818925402754,-0.3835049405144281,-209.0,-209.0
423,0.11999500148501063,-0.4051871544333964,-0.3835560778114068,-209.0,-209.0
424,0.11939502647758558,-0.39156297988081135,-0.3835749175809819,-209.0,-209.0
425,0.11879805134519765,-0.5532671459646525,-0.3839732561452628,-209.0,-209.0
426,0.11820406108847166,-0.26420262216004087,-0.3836927628572412,-209.0,-209.0
427,0.1176130407830293,-0.46285389616274286,-0.3838777187761793,-209.0,-209.0
428,0.11702497557911415,-0.46747084070180334,-0.38407257453824367,-209.0,-209.0
429,0.11643985070121858,-0.4770210315085198,-0.3842887337405001,-209.0,-209.0
430,0.11585765144771248,-0.2753137171914538,-0.3840358914747251,-209.0,-209.0
431,0.11527836319047392,-0.45596866366261674,-0.3842024025214563,-209.0,-209.0
432,0.11470197137452155,-0.3706416358721973,-0.38417108435367514,-209.0,-209.0
433,0.11412846151764894,-0.4039330701172626,-0.38421661888308434,-209.0,-209.0
434,0.1135578192100607,-0.419078473033507,-0.38429676107653354,-209.0,-209.0
435,0.11299003011401039,-0.45769213386443863,-0.38446509908751497,-209.0,-209.0
436,0.11242507996344034,-0.34126542090106926,-0.3843662439886902,-209.0,-209.0
437,0.11186295456362313,-0.22795479594069115,-0.3840091402260235,-209.0,-209.0
438,0.11130363979080501,-0.50910389996131,-0.38429409412063686,-209.0,-209.0
439,0.11074712159185099,-0.40295186007535994,-0.3843364981341703,-209.0,-209.0
440,0.11019338598389174,-0.3786437072608271,-0.38432358931132826,-209.0,-209.0
441,0.10964241905397228,-0.32732408588698153,-0.3841946311587845,-209.0,-209.0
442,0.10909420695870241,-0.3276155536204517,-0.38406691315079733,-209.0,-209.0
443,0.1085487359239089,-0.42396701661783287,-0.38415677824869604,-209.0,-209.0
444,0.10800599224428936,-0.4060651667574399,-0.38420601058242354,-209.0,-209.0
445,0.10746596228306791,-0.4467675310407933,-0.384346283049819,-209.0,-209.0
446,0.10692863247165257,-0.5673173586760138,-0.38475561431520194,-209.0,-209.0
447,0.1063939893092943,-0.4403825520554677,-0.38487978158694364,-209.0,-209.0
448,0.10586201936274783,-0.42735291404459935,-0.38497437653673794,-209.0,-209.0
449,0.10533270926593409,-0.5297729844743625,-0.38529615122104377,-209.0,-209.0
450,0.10480604571960442,-0.43645471090974497,-0.38540958483454424,-209.0,-209.0
451,0.1042820154910064,-0.4412144893760176,-0.38553304701273333,-209.0,-209.0
452,0.10376060541355137,-0.41931917712092914,-0.38560763008140486,-209.0,-209.0
453,0.1032418023864836,-0.37495008974166455,-0.3855841553229473,-209.0,-209.0
454,0.10272559337455119,-0.2630728011355176,-0.38531489959945847,-209.0,-209.0
455,0.10221196540767843,-0.43635960269872487,-0.38542683973783404,-209.0,-209.0
456,0.10170090558064004,-0.5497454455697662,-0.38578639905037654,-209.0,-209.0
457,0.10119240105273684,-0.5582262630693728,-0.3861629053036931,-209.0,-209.0
458,0.10068643904747315,-0.4905091918527106,-0.38639023926131627,-209.0,-209.0
459,0.10018300685223579,-0.43086610294534816,-0.3864869259214989,-209.0,-209.0
460,0.0996820918179746,-0.5069657294347626,-0.38674826822846914,-209.0,-209.0
461,0.09918368135888474,-0.4757945378965009,-0.3869410090719064,-209.0,-209.0
462,0.09868776295209031,-0.4892164907021846,-0.3871619064404383,-209.0,-209.0
463,0.09819432413732986,-0.40480230639229436,-0.3871999245437828,-209.0,-209.0
464,0.09770335251664321,-0.5179382980217625,-0.3874810823362086,-209.0,-209.0
465,0.09721483575406,-0.24052792440225548,-0.38716573221188677,-209.0,-209.0
466,0.09672876157528969,-0.1749393060053718,-0.3867112859030934,-209.0,-209.0
467,0.09624511776741324,-0.26098105878944433,-0.386442631571654,-209.0,-209.0
468,0.09576389217857617,-0.34557258537051955,-0.3863554886160012,-209.0,-209.0
469,0.09528507271768329,-0.30538705548938283,-0.38618321535402966,-209.0,-209.0
470,0.09480864735409487,-0.18692069692519034,-0.38576015268220626,-209.0,-209.0
471,0.0943346041173244,-0.48830303724131674,-0.38597740455627216,-209.0,-209.0
472,0.09386293109673778,-0.41166781889296994,-0.3860317183286542,-209.0,-209.0
473,0.09339361644125409,-0.41286759563829406,-0.386088334103569,-209.0,-209.0
474,0.09292664835904782,-0.44172728450958815,-0.38620546873600275,-209.0,-209.0
475,0.09246201511725258,-0.4227730593395297,-0.3862822914053379,-209.0,-209.0
476,0.09199970504166631,-0.42881801057292657,-0.3863714648207836,-209.0,-209.0
477,0.09153970651645797,-0.3145767274593891,-0.38622126662546685,-209.0,-209.0
478,0.09108200798387568,-0.47668155041280363,-0.38641011899245503,-209.0,-209.0
479,0.0906265979439563,-0.46535838463538554,-0.3865745945458778,-209.0,-209.0
480,0.09017346495423652,-0.4555655977527565,-0.3867180269849773,-209.0,-209.0
481,0.08972259762946533,-0.17801016872987083,-0.3862850231296763,-209.0,-209.0
482,0.089273984641318,-0.24250985846819179,-0.38598735198130885,-209.0,-209.0
483,0.0888276147181114,-0.4281192310180626,-0.3860744013181616,-209.0,-209.0
484,0.08838347664452084,-0.4649833715672599,-0.3862371002258917,-209.0,-209.0
485,0.08794155926129824,-0.2001538618897008,-0.3858542129042123,-209.0,-209.0
486,0.08750185146499175,-0.10597758322460693,-0.3852795175660612,-209.0,-209.0
487,0.08706434220766679,-0.30952207028407847,-0.3851242768954014,-209.0,-209.0
488,0.08662902049662846,-0.41820421602765534,-0.3851919250326862,-209.0,-209.0
489,0.08619587539414532,-0.3418645639212639,-0.38510350184674447,-209.0,-209.0
490,0.08576489601717459,-0.5103832815841554,-0.3853586541476353,-209.0,-209.0
491,0.08533607153708872,-0.369678579417091,-0.3853267840770448,-209.0,-209.0
492,0.08490939117940327,-0.4253133281414119,-0.38540789268569464,-209.0,-209.0
493,0.08448484422350626,-0.4843777896320288,-0.3856082366066386,-209.0,-209.0
494,0.08406242000238873,-0.45833268605150346,-0.3857551546863252,-209.0,-209.0
495,0.08364210790237678,-0.4185788259293712,-0.3858213314428636,-209.0,-209.0
496,0.0832238973628649,-0.5914596589560438,-0.3862350906531517,-209.0,-209.0
497,0.08280777787605056,-0.34038687426447645,-0.38614302596160816,-209.0,-209.0
498,0.08239373898667031,-0.3294503654593041,-0.3860294134155114,-209.0,-209.0
499,0.08198177029173696,-0.26592351994187746,-0.3857892016285641,-209.0,-209.0
